{
    "$schema": "https://schema.management.azure.com/schemas/2015-01-01/deploymentParameters.json#",
    "contentVersion": "1.0.0.0",
    "parameters": {
        "factoryName": {
            "value": "vmrADF-V2"
        },
        "AzureBlobStorage1_connectionString": {
            "value": ""
        },
        "AzureBlobStorage2_connectionString": {
            "value": ""
        },
        "AzureBlobStorage2DF_Linkedservice_Sink_connectionString": {
            "value": ""
        },
        "AzureBlobStorage2DF_Linkedservice_source_connectionString": {
            "value": ""
        },
        "AzureBlobStorage2Linkedservice_DataFlowSink_connectionString": {
            "value": ""
        },
        "AzureBlobStorage2Linkedservice_DataFlowSource_connectionString": {
            "value": ""
        },
        "AzureBlobStorage3_connectionString": {
            "value": ""
        },
        "AzureBlobStorage4_connectionString": {
            "value": ""
        },
        "AzureBlobStorage5_connectionString": {
            "value": ""
        },
        "AzureBlobStorage6_SourceJSON_connectionString": {
            "value": ""
        },
        "AzureBlobStorage6mvnet_connectionString": {
            "value": ""
        },
        "AzureBlobStorage_LinkedService_Source_CSV_connectionString": {
            "value": ""
        },
        "AzureBlobStorage_RestAPI_connectionString": {
            "value": ""
        },
        "AzureBlobStorage_Sink_LinkedService_connectionString": {
            "value": ""
        },
        "AzureBlobStorage_Source_LinkedService_connectionString": {
            "value": ""
        },
        "AzureBlobStorage_Source_and_Sink_connectionString": {
            "value": ""
        },
        "AzureDataLakeStorage1JD_accountKey": {
            "value": ""
        },
        "AzureDataLakeStorage1Sample_accountKey": {
            "value": ""
        },
        "AzureDatabricks_LinkedService_accessToken": {
            "value": ""
        },
        "AzureFileServer_connectionString": {
            "value": ""
        },
        "AzureSqlDatabase1_connectionString": {
            "value": ""
        },
        "AzureSqlDatabase1AzureSQLDB_Linkedservice_Sink_connectionString": {
            "value": ""
        },
        "AzureSqlDatabase1AzureSQLDB_Linkedservice_Sink123_connectionString": {
            "value": ""
        },
        "AzureSqlDatabase1AzureSQLDB_Linkedservice_Source_connectionString": {
            "value": ""
        },
        "AzureSqlDatabase1DataFlow_Linkedservice_Sink_connectionString": {
            "value": ""
        },
        "AzureSqlDatabase1DataFlow_Linkedservice_Source_connectionString": {
            "value": ""
        },
        "AzureSqlDatabaseLinkedService_connectionString": {
            "value": ""
        },
        "AzureSqlDatabaseSample_connectionString": {
            "value": ""
        },
        "AzureSqlDatabase_LinkedService_AzureSQL_connectionString": {
            "value": ""
        },
        "AzureSqlMI1_connectionString": {
            "value": ""
        },
        "AzureSqlTable2_LinkedService_Source_ASQL2Cosmos_connectionString": {
            "value": ""
        },
        "AzureStorageLinkedService_connectionString": {
            "value": ""
        },
        "AzureSynapseAnalytics1_LinkedService2_Sink_connectionString": {
            "value": ""
        },
        "AzureSynapseAnalytics1_LinkedService_Source_connectionString": {
            "value": ""
        },
        "AzureSynapseAnalytics1_Linkedservice_Sink_connectionString": {
            "value": ""
        },
        "CSV_Linkedservice_Sink_connectionString": {
            "value": ""
        },
        "CSV_Linkedservice_Source_connectionString": {
            "value": ""
        },
        "CosmosDb1_connectionString": {
            "value": ""
        },
        "CosmosDb2_Sink_connectionString": {
            "value": ""
        },
        "CosmosDb_Source_connectionString": {
            "value": ""
        },
        "EDHPRODDB01_connectionString": {
            "value": ""
        },
        "SalesforceMarketingCloud1_connectionProperties_clientSecret": {
            "value": ""
        },
        "SapEcc1tfty35y_password": {
            "value": ""
        },
        "SqlServer1OnPremSQLDB_Linkedservice_Sink_connectionString": {
            "value": ""
        },
        "SqlServer1OnPremSQLDB_Linkedservice_Source_connectionString": {
            "value": ""
        },
        "SqlServer1OnPremSQLDB_Linkedservice_Source123_connectionString": {
            "value": ""
        },
        "Staging_connectionString": {
            "value": ""
        },
        "linkedServiceOndemandHDIcluster_clusterPassword": {
            "value": ""
        },
        "linkedServiceOndemandHDIcluster_clusterSshPassword": {
            "value": ""
        },
        "linkedServiceOndemandHDIcluster_servicePrincipalKey": {
            "value": ""
        },
        "linkedServiceOwnHDIcluster_password": {
            "value": ""
        },
        "research_db_connectionString": {
            "value": ""
        },
        "AzureDataLakeStorage1JD_properties_typeProperties_url": {
            "value": "https://vmrstorageaccount.dfs.core.windows.net"
        },
        "AzureDataLakeStorage1Sample_properties_typeProperties_url": {
            "value": "https://vmrstorageaccount.dfs.core.windows.net"
        },
        "RestService1_properties_typeProperties_url": {
            "value": "http://dummy.restapiexample.com/api/v1/employees"
        },
        "SapEcc1tfty35y_properties_typeProperties_url": {
            "value": "gfdsgety"
        },
        "SapEcc1tfty35y_properties_typeProperties_username": {
            "value": "ey35tyeg"
        },
        "linkedServiceOndemandHDIcluster_properties_typeProperties_hostSubscriptionId": {
            "value": "93dbc954-90a1-459b-bc12-a781ae24970c"
        },
        "linkedServiceOndemandHDIcluster_properties_typeProperties_clusterResourceGroup": {
            "value": "vmrresourcegroup"
        },
        "linkedServiceOndemandHDIcluster_properties_typeProperties_servicePrincipalId": {
            "value": "5dc72838-8a7a-49ea-a199-328474ceaf8e"
        },
        "linkedServiceOndemandHDIcluster_properties_typeProperties_tenant": {
            "value": "72f988bf-86f1-41af-91ab-2d7cd011db47"
        },
        "linkedServiceOwnHDIcluster_properties_typeProperties_userName": {
            "value": "vmrclusterlogin"
        },
        "vmr_AzureKeyVault1_properties_typeProperties_baseUrl": {
            "value": "https://vmr-KeyVault.vault.azure.net/"
        },
        "trigger_EventBlob_Trigger_properties_typeProperties_scope": {
            "value": "/subscriptions/93dbc954-90a1-459b-bc12-a781ae24970c/resourceGroups/vmrresourcegroup/providers/Microsoft.Storage/storageAccounts/vmrstorageaccount"
        },
        "AzureDataLakeStorage1_properties_privateLinkResourceId": {
            "value": "/subscriptions/93dbc954-90a1-459b-bc12-a781ae24970c/resourceGroups/vmrresourcegroup/providers/Microsoft.Storage/storageAccounts/vmrstorageaccount"
        },
        "AzureDataLakeStorage1_properties_groupId": {
            "value": "dfs"
        },
        "CosmosDb1_properties_privateLinkResourceId": {
            "value": "/subscriptions/93dbc954-90a1-459b-bc12-a781ae24970c/resourceGroups/vmrresourcegroup/providers/Microsoft.DocumentDb/databaseAccounts/vmrcosmosdb"
        },
        "CosmosDb1_properties_groupId": {
            "value": "Sql"
        },
        "SqlServer1_properties_privateLinkResourceId": {
            "value": "/subscriptions/93dbc954-90a1-459b-bc12-a781ae24970c/resourceGroups/vmrresourcegroup/providers/Microsoft.Sql/servers/vmrsqlserver"
        },
        "SqlServer1_properties_groupId": {
            "value": "sqlServer"
        },
        "containerUri": {
            "value": ""
        },
        "containerSasToken": {
            "value": ""
        }
    }
}