{
    "$schema": "http://schema.management.azure.com/schemas/2015-01-01/deploymentTemplate.json#",
    "contentVersion": "1.0.0.0",
    "parameters": {
        "factoryName": {
            "type": "string",
            "metadata": "Data Factory name",
            "defaultValue": "vmrADF-V2"
        },
        "AzureSynapseAnalytics1_LinkedService_Source_connectionString": {
            "type": "secureString",
            "metadata": "Secure string for 'connectionString' of 'AzureSynapseAnalytics1_LinkedService_Source'"
        },
        "AzureSynapseAnalytics1_Linkedservice_Sink_connectionString": {
            "type": "secureString",
            "metadata": "Secure string for 'connectionString' of 'AzureSynapseAnalytics1_Linkedservice_Sink'"
        },
        "CSV_Linkedservice_Sink_connectionString": {
            "type": "secureString",
            "metadata": "Secure string for 'connectionString' of 'CSV_Linkedservice_Sink'"
        },
        "CSV_Linkedservice_Source_connectionString": {
            "type": "secureString",
            "metadata": "Secure string for 'connectionString' of 'CSV_Linkedservice_Source'"
        },
        "CosmosDb1_connectionString": {
            "type": "secureString",
            "metadata": "Secure string for 'connectionString' of 'CosmosDb1'"
        },
        "CosmosDb2_Sink_connectionString": {
            "type": "secureString",
            "metadata": "Secure string for 'connectionString' of 'CosmosDb2_Sink'"
        },
        "CosmosDb_Source_connectionString": {
            "type": "secureString",
            "metadata": "Secure string for 'connectionString' of 'CosmosDb_Source'"
        },
        "EDHPRODDB01_connectionString": {
            "type": "secureString",
            "metadata": "Secure string for 'connectionString' of 'EDHPRODDB01'"
        },
        "SalesforceMarketingCloud1_connectionProperties_clientSecret": {
            "type": "secureString",
            "metadata": "Secure string for 'clientSecret' of 'SalesforceMarketingCloud1'"
        },
        "SapEcc1tfty35y_password": {
            "type": "secureString",
            "metadata": "Secure string for 'password' of 'SapEcc1tfty35y'"
        },
        "Staging_connectionString": {
            "type": "secureString",
            "metadata": "Secure string for 'connectionString' of 'Staging'"
        },
        "research_db_connectionString": {
            "type": "secureString",
            "metadata": "Secure string for 'connectionString' of 'research_db'"
        },
        "RestService1_properties_typeProperties_url": {
            "type": "string",
            "defaultValue": "http://dummy.restapiexample.com/api/v1/employees"
        },
        "SapEcc1tfty35y_properties_typeProperties_url": {
            "type": "string",
            "defaultValue": "gfdsgety"
        },
        "SapEcc1tfty35y_properties_typeProperties_username": {
            "type": "string",
            "defaultValue": "ey35tyeg"
        },
        "vmr_AzureKeyVault1_properties_typeProperties_baseUrl": {
            "type": "string",
            "defaultValue": "https://vmr-KeyVault.vault.azure.net/"
        }
    },
    "variables": {
        "factoryId": "[concat('Microsoft.DataFactory/factories/', parameters('factoryName'))]"
    },
    "resources": [
        {
            "name": "[concat(parameters('factoryName'), '/AzureSynapseAnalytics1_LinkedService_Source')]",
            "type": "Microsoft.DataFactory/factories/linkedServices",
            "apiVersion": "2018-06-01",
            "properties": {
                "annotations": [],
                "type": "AzureSqlDW",
                "typeProperties": {
                    "connectionString": "[parameters('AzureSynapseAnalytics1_LinkedService_Source_connectionString')]"
                }
            },
            "dependsOn": []
        },
        {
            "name": "[concat(parameters('factoryName'), '/AzureSynapseAnalytics1_Linkedservice_Sink')]",
            "type": "Microsoft.DataFactory/factories/linkedServices",
            "apiVersion": "2018-06-01",
            "properties": {
                "annotations": [],
                "type": "AzureSqlDW",
                "typeProperties": {
                    "connectionString": "[parameters('AzureSynapseAnalytics1_Linkedservice_Sink_connectionString')]"
                }
            },
            "dependsOn": []
        },
        {
            "name": "[concat(parameters('factoryName'), '/CSV_Linkedservice_Sink')]",
            "type": "Microsoft.DataFactory/factories/linkedServices",
            "apiVersion": "2018-06-01",
            "properties": {
                "annotations": [],
                "type": "AzureBlobStorage",
                "typeProperties": {
                    "connectionString": "[parameters('CSV_Linkedservice_Sink_connectionString')]"
                }
            },
            "dependsOn": []
        },
        {
            "name": "[concat(parameters('factoryName'), '/CSV_Linkedservice_Source')]",
            "type": "Microsoft.DataFactory/factories/linkedServices",
            "apiVersion": "2018-06-01",
            "properties": {
                "annotations": [],
                "type": "AzureBlobStorage",
                "typeProperties": {
                    "connectionString": "[parameters('CSV_Linkedservice_Source_connectionString')]"
                }
            },
            "dependsOn": []
        },
        {
            "name": "[concat(parameters('factoryName'), '/CosmosDb1')]",
            "type": "Microsoft.DataFactory/factories/linkedServices",
            "apiVersion": "2018-06-01",
            "properties": {
                "annotations": [],
                "type": "CosmosDb",
                "typeProperties": {
                    "connectionString": "[parameters('CosmosDb1_connectionString')]"
                }
            },
            "dependsOn": []
        },
        {
            "name": "[concat(parameters('factoryName'), '/CosmosDb2_Sink')]",
            "type": "Microsoft.DataFactory/factories/linkedServices",
            "apiVersion": "2018-06-01",
            "properties": {
                "annotations": [],
                "type": "CosmosDb",
                "typeProperties": {
                    "connectionString": "[parameters('CosmosDb2_Sink_connectionString')]"
                }
            },
            "dependsOn": []
        },
        {
            "name": "[concat(parameters('factoryName'), '/CosmosDb_Source')]",
            "type": "Microsoft.DataFactory/factories/linkedServices",
            "apiVersion": "2018-06-01",
            "properties": {
                "annotations": [],
                "type": "CosmosDb",
                "typeProperties": {
                    "connectionString": "[parameters('CosmosDb_Source_connectionString')]"
                }
            },
            "dependsOn": []
        },
        {
            "name": "[concat(parameters('factoryName'), '/EDHPRODDB01')]",
            "type": "Microsoft.DataFactory/factories/linkedServices",
            "apiVersion": "2018-06-01",
            "properties": {
                "annotations": [],
                "type": "AzureSqlDatabase",
                "typeProperties": {
                    "connectionString": "[parameters('EDHPRODDB01_connectionString')]"
                }
            },
            "dependsOn": []
        },
        {
            "name": "[concat(parameters('factoryName'), '/RestService1')]",
            "type": "Microsoft.DataFactory/factories/linkedServices",
            "apiVersion": "2018-06-01",
            "properties": {
                "annotations": [],
                "type": "RestService",
                "typeProperties": {
                    "url": "[parameters('RestService1_properties_typeProperties_url')]",
                    "enableServerCertificateValidation": true,
                    "authenticationType": "Anonymous"
                }
            },
            "dependsOn": []
        },
        {
            "name": "[concat(parameters('factoryName'), '/SalesforceMarketingCloud1')]",
            "type": "Microsoft.DataFactory/factories/linkedServices",
            "apiVersion": "2018-06-01",
            "properties": {
                "annotations": [],
                "type": "SalesforceMarketingCloud",
                "typeProperties": {
                    "connectionProperties": {
                        "host": "vmrsubdomain",
                        "authenticationType": "Enhanced sts OAuth 2.0",
                        "clientId": "vmrclientid",
                        "clientSecret": {
                            "type": "SecureString",
                            "value": "[parameters('SalesforceMarketingCloud1_connectionProperties_clientSecret')]"
                        },
                        "useEncryptedEndpoints": true,
                        "useHostVerification": true,
                        "usePeerVerification": true
                    }
                }
            },
            "dependsOn": []
        },
        {
            "name": "[concat(parameters('factoryName'), '/SapEcc1tfty35y')]",
            "type": "Microsoft.DataFactory/factories/linkedServices",
            "apiVersion": "2018-06-01",
            "properties": {
                "annotations": [],
                "type": "SapEcc",
                "typeProperties": {
                    "url": "[parameters('SapEcc1tfty35y_properties_typeProperties_url')]",
                    "username": "[parameters('SapEcc1tfty35y_properties_typeProperties_username')]",
                    "password": {
                        "type": "SecureString",
                        "value": "[parameters('SapEcc1tfty35y_password')]"
                    }
                }
            },
            "dependsOn": []
        },
        {
            "name": "[concat(parameters('factoryName'), '/Staging')]",
            "type": "Microsoft.DataFactory/factories/linkedServices",
            "apiVersion": "2018-06-01",
            "properties": {
                "annotations": [],
                "type": "AzureBlobStorage",
                "typeProperties": {
                    "connectionString": "[parameters('Staging_connectionString')]"
                }
            },
            "dependsOn": []
        },
        {
            "name": "[concat(parameters('factoryName'), '/research_db')]",
            "type": "Microsoft.DataFactory/factories/linkedServices",
            "apiVersion": "2018-06-01",
            "properties": {
                "annotations": [],
                "type": "AzureSqlDatabase",
                "typeProperties": {
                    "connectionString": "[parameters('research_db_connectionString')]"
                }
            },
            "dependsOn": []
        },
        {
            "name": "[concat(parameters('factoryName'), '/vmr_AzureKeyVault1')]",
            "type": "Microsoft.DataFactory/factories/linkedServices",
            "apiVersion": "2018-06-01",
            "properties": {
                "annotations": [],
                "type": "AzureKeyVault",
                "typeProperties": {
                    "baseUrl": "[parameters('vmr_AzureKeyVault1_properties_typeProperties_baseUrl')]"
                }
            },
            "dependsOn": []
        },
        {
            "name": "[concat(parameters('factoryName'), '/IntegrationRuntimeSHIR')]",
            "type": "Microsoft.DataFactory/factories/integrationRuntimes",
            "apiVersion": "2018-06-01",
            "properties": {
                "type": "SelfHosted",
                "description": "Self-Hosted",
                "typeProperties": {}
            },
            "dependsOn": []
        },
        {
            "name": "[concat(parameters('factoryName'), '/integrationRuntime1')]",
            "type": "Microsoft.DataFactory/factories/integrationRuntimes",
            "apiVersion": "2018-06-01",
            "properties": {
                "type": "Managed",
                "typeProperties": {
                    "computeProperties": {
                        "location": "Central US",
                        "dataFlowProperties": {
                            "computeType": "General",
                            "coreCount": 8,
                            "timeToLive": 0
                        }
                    }
                }
            },
            "dependsOn": []
        },
        {
            "name": "[concat(parameters('factoryName'), '/default')]",
            "type": "Microsoft.DataFactory/factories/managedVirtualNetworks",
            "apiVersion": "2018-06-01",
            "properties": {
                "preventDataExfiltration": false
            },
            "dependsOn": []
        },
        {
            "name": "[concat(parameters('factoryName'), '/AzureSqlTable1')]",
            "type": "Microsoft.DataFactory/factories/datasets",
            "apiVersion": "2018-06-01",
            "properties": {
                "linkedServiceName": {
                    "referenceName": "AzureSqlDatabase1",
                    "type": "LinkedServiceReference"
                },
                "annotations": [],
                "type": "AzureSqlTable",
                "schema": [],
                "typeProperties": {
                    "schema": "dbo",
                    "table": "int16test"
                }
            },
            "dependsOn": []
        },
        {
            "name": "[concat(parameters('factoryName'), '/AzureSqlTable123')]",
            "type": "Microsoft.DataFactory/factories/datasets",
            "apiVersion": "2018-06-01",
            "properties": {
                "linkedServiceName": {
                    "referenceName": "AzureSqlDatabase1AzureSQLDB_Linkedservice_Sink123",
                    "type": "LinkedServiceReference"
                },
                "annotations": [],
                "type": "AzureSqlTable",
                "schema": [],
                "typeProperties": {
                    "schema": "dbo",
                    "table": "Student_Add"
                }
            },
            "dependsOn": []
        },
        {
            "name": "[concat(parameters('factoryName'), '/AzureSqlTable124')]",
            "type": "Microsoft.DataFactory/factories/datasets",
            "apiVersion": "2018-06-01",
            "properties": {
                "linkedServiceName": {
                    "referenceName": "AzureSqlDatabase1AzureSQLDB_Linkedservice_Source",
                    "type": "LinkedServiceReference"
                },
                "annotations": [],
                "type": "AzureSqlTable",
                "schema": [
                    {
                        "name": "sid",
                        "type": "int",
                        "precision": 10
                    },
                    {
                        "name": "name",
                        "type": "varchar"
                    },
                    {
                        "name": "age",
                        "type": "int",
                        "precision": 10
                    },
                    {
                        "name": "grade",
                        "type": "varchar"
                    },
                    {
                        "name": "marks",
                        "type": "int",
                        "precision": 10
                    }
                ],
                "typeProperties": {
                    "schema": "dbo",
                    "table": "stu_pk"
                }
            },
            "dependsOn": []
        }
    ]
}