{
    "$schema": "http://schema.management.azure.com/schemas/2015-01-01/deploymentTemplate.json#",
    "contentVersion": "1.0.0.0",
    "parameters": {
        "factoryName": {
            "type": "string",
            "metadata": "Data Factory name",
            "defaultValue": "vmrADF-V2"
        }
    },
    "variables": {
        "factoryId": "[concat('Microsoft.DataFactory/factories/', parameters('factoryName'))]"
    },
    "resources": [
        {
            "name": "[concat(parameters('factoryName'), '/SimonPipeline')]",
            "type": "Microsoft.DataFactory/factories/pipelines",
            "apiVersion": "2018-06-01",
            "properties": {
                "activities": [
                    {
                        "name": "Copy data1",
                        "type": "Copy",
                        "dependsOn": [],
                        "policy": {
                            "timeout": "7.00:00:00",
                            "retry": 0,
                            "retryIntervalInSeconds": 30,
                            "secureOutput": false,
                            "secureInput": false
                        },
                        "userProperties": [],
                        "typeProperties": {
                            "source": {
                                "type": "AzureSqlSource",
                                "sqlReaderQuery": {
                                    "value": "select f.file_name, f.content, f.created_at from ‘file’ f where f.site_id = 410 order by f.created_at DESC limit 1;",
                                    "type": "Expression"
                                },
                                "queryTimeout": "02:00:00",
                                "partitionOption": "None"
                            },
                            "sink": {
                                "type": "DelimitedTextSink",
                                "storeSettings": {
                                    "type": "AzureBlobFSWriteSettings"
                                },
                                "formatSettings": {
                                    "type": "DelimitedTextWriteSettings",
                                    "quoteAllText": true,
                                    "fileExtension": ".txt"
                                }
                            },
                            "enableStaging": false,
                            "translator": {
                                "type": "TabularTranslator",
                                "typeConversion": true,
                                "typeConversionSettings": {
                                    "allowDataTruncation": true,
                                    "treatBooleanAsNumber": false
                                }
                            }
                        },
                        "inputs": [
                            {
                                "referenceName": "AzureSqlTableSample",
                                "type": "DatasetReference",
                                "parameters": {}
                            }
                        ],
                        "outputs": [
                            {
                                "referenceName": "DelimitedText4Sample",
                                "type": "DatasetReference",
                                "parameters": {}
                            }
                        ]
                    }
                ],
                "annotations": []
            },
            "dependsOn": []
        },
        {
            "name": "[concat(parameters('factoryName'), '/Water_Mark_IncrementalCopy')]",
            "type": "Microsoft.DataFactory/factories/pipelines",
            "apiVersion": "2018-06-01",
            "properties": {
                "activities": [
                    {
                        "name": "LookupOldWaterMarkActivity",
                        "type": "Lookup",
                        "dependsOn": [],
                        "policy": {
                            "timeout": "7.00:00:00",
                            "retry": 0,
                            "retryIntervalInSeconds": 30,
                            "secureOutput": false,
                            "secureInput": false
                        },
                        "userProperties": [],
                        "typeProperties": {
                            "source": {
                                "type": "AzureSqlSource",
                                "queryTimeout": "02:00:00",
                                "partitionOption": "None"
                            },
                            "dataset": {
                                "referenceName": "WatermarkDataset",
                                "type": "DatasetReference",
                                "parameters": {}
                            }
                        }
                    },
                    {
                        "name": "LookupNewWaterMarkActivity",
                        "type": "Lookup",
                        "dependsOn": [],
                        "policy": {
                            "timeout": "7.00:00:00",
                            "retry": 0,
                            "retryIntervalInSeconds": 30,
                            "secureOutput": false,
                            "secureInput": false
                        },
                        "userProperties": [],
                        "typeProperties": {
                            "source": {
                                "type": "AzureSqlSource",
                                "sqlReaderQuery": "select MAX(LastModifytime) as NewWatermarkvalue from data_source_table",
                                "queryTimeout": "02:00:00",
                                "partitionOption": "None"
                            },
                            "dataset": {
                                "referenceName": "SourceDataset",
                                "type": "DatasetReference",
                                "parameters": {}
                            }
                        }
                    },
                    {
                        "name": "IncrementalCopyActivity",
                        "type": "Copy",
                        "dependsOn": [
                            {
                                "activity": "LookupOldWaterMarkActivity",
                                "dependencyConditions": [
                                    "Succeeded"
                                ]
                            },
                            {
                                "activity": "LookupNewWaterMarkActivity",
                                "dependencyConditions": [
                                    "Succeeded"
                                ]
                            }
                        ],
                        "policy": {
                            "timeout": "7.00:00:00",
                            "retry": 3,
                            "retryIntervalInSeconds": 30,
                            "secureOutput": false,
                            "secureInput": false
                        },
                        "userProperties": [],
                        "typeProperties": {
                            "source": {
                                "type": "AzureSqlSource",
                                "sqlReaderQuery": {
                                    "value": "select * from data_source_table where LastModifytime > '@{activity('LookupOldWaterMarkActivity').output.firstRow.WatermarkValue}' and LastModifytime <= '@{activity('LookupNewWaterMarkActivity').output.firstRow.NewWatermarkvalue}'",
                                    "type": "Expression"
                                },
                                "queryTimeout": "02:00:00",
                                "partitionOption": "None"
                            },
                            "sink": {
                                "type": "DelimitedTextSink",
                                "storeSettings": {
                                    "type": "AzureBlobStorageWriteSettings",
                                    "copyBehavior": {
                                        "value": "@CONCAT('Incremental-', pipeline().RunId, '.txt')",
                                        "type": "Expression"
                                    }
                                },
                                "formatSettings": {
                                    "type": "DelimitedTextWriteSettings",
                                    "quoteAllText": true,
                                    "fileExtension": ".txt"
                                }
                            },
                            "enableStaging": false,
                            "translator": {
                                "type": "TabularTranslator",
                                "typeConversion": true,
                                "typeConversionSettings": {
                                    "allowDataTruncation": true,
                                    "treatBooleanAsNumber": false
                                }
                            }
                        },
                        "inputs": [
                            {
                                "referenceName": "SourceDataset",
                                "type": "DatasetReference",
                                "parameters": {}
                            }
                        ],
                        "outputs": [
                            {
                                "referenceName": "SinkDataset",
                                "type": "DatasetReference",
                                "parameters": {}
                            }
                        ]
                    },
                    {
                        "name": "StoredProceduretoWriteWatermarkActivity",
                        "type": "SqlServerStoredProcedure",
                        "dependsOn": [
                            {
                                "activity": "IncrementalCopyActivity",
                                "dependencyConditions": [
                                    "Succeeded"
                                ]
                            }
                        ],
                        "policy": {
                            "timeout": "7.00:00:00",
                            "retry": 0,
                            "retryIntervalInSeconds": 30,
                            "secureOutput": false,
                            "secureInput": false
                        },
                        "userProperties": [],
                        "typeProperties": {
                            "storedProcedureName": "[[dbo].[usp_write_watermark]",
                            "storedProcedureParameters": {
                                "LastModifiedtime": {
                                    "value": {
                                        "value": "@{activity('LookupNewWaterMarkActivity').output.firstRow.NewWatermarkvalue}",
                                        "type": "Expression"
                                    },
                                    "type": "DateTime"
                                },
                                "TableName": {
                                    "value": {
                                        "value": "@{activity('LookupOldWaterMarkActivity').output.firstRow.TableName}",
                                        "type": "Expression"
                                    },
                                    "type": "String"
                                }
                            }
                        },
                        "linkedServiceName": {
                            "referenceName": "AzureSqlDatabaseLinkedService",
                            "type": "LinkedServiceReference"
                        }
                    }
                ],
                "annotations": [],
                "lastPublishTime": "2020-10-08T20:33:30Z"
            },
            "dependsOn": []
        },
        {
            "name": "[concat(parameters('factoryName'), '/sqltablelistchecking')]",
            "type": "Microsoft.DataFactory/factories/pipelines",
            "apiVersion": "2018-06-01",
            "properties": {
                "activities": [
                    {
                        "name": "ForEach1",
                        "type": "ForEach",
                        "dependsOn": [],
                        "userProperties": [],
                        "typeProperties": {
                            "items": {
                                "value": "@pipeline().parameters.Tablelist",
                                "type": "Expression"
                            },
                            "activities": [
                                {
                                    "name": "Copy data1",
                                    "type": "Copy",
                                    "dependsOn": [],
                                    "policy": {
                                        "timeout": "7.00:00:00",
                                        "retry": 0,
                                        "retryIntervalInSeconds": 30,
                                        "secureOutput": false,
                                        "secureInput": false
                                    },
                                    "userProperties": [],
                                    "typeProperties": {
                                        "source": {
                                            "type": "AzureSqlSource",
                                            "queryTimeout": "02:00:00",
                                            "partitionOption": "None"
                                        },
                                        "sink": {
                                            "type": "AzureSqlSink",
                                            "tableOption": "autoCreate"
                                        },
                                        "enableStaging": false,
                                        "translator": {
                                            "type": "TabularTranslator",
                                            "typeConversion": true,
                                            "typeConversionSettings": {
                                                "allowDataTruncation": true,
                                                "treatBooleanAsNumber": false
                                            }
                                        }
                                    },
                                    "inputs": [
                                        {
                                            "referenceName": "AzureSqlTable2ParameterizedDS",
                                            "type": "DatasetReference",
                                            "parameters": {
                                                "Tablename": {
                                                    "value": "@item()",
                                                    "type": "Expression"
                                                },
                                                "schema": {
                                                    "value": "@pipeline().parameters.schema",
                                                    "type": "Expression"
                                                }
                                            }
                                        }
                                    ],
                                    "outputs": [
                                        {
                                            "referenceName": "AzureSqlTable2ParameterizedDS1",
                                            "type": "DatasetReference",
                                            "parameters": {
                                                "Tablename": {
                                                    "value": "@item()",
                                                    "type": "Expression"
                                                },
                                                "schema": {
                                                    "value": "@pipeline().parameters.schema",
                                                    "type": "Expression"
                                                }
                                            }
                                        }
                                    ]
                                }
                            ]
                        }
                    }
                ],
                "parameters": {
                    "Tablelist": {
                        "type": "array",
                        "defaultValue": [
                            "AzureUsage44",
                            "datetypenull23"
                        ]
                    },
                    "schema": {
                        "type": "string",
                        "defaultValue": "dbo"
                    }
                },
                "annotations": []
            },
            "dependsOn": []
        },
        {
            "name": "[concat(parameters('factoryName'), '/SqlServerTable123')]",
            "type": "Microsoft.DataFactory/factories/datasets",
            "apiVersion": "2018-06-01",
            "properties": {
                "linkedServiceName": {
                    "referenceName": "SqlServer1OnPremSQLDB_Linkedservice_Source123",
                    "type": "LinkedServiceReference"
                },
                "annotations": [],
                "type": "SqlServerTable",
                "schema": [],
                "typeProperties": {
                    "schema": "dbo",
                    "table": "Student_Add"
                }
            },
            "dependsOn": []
        },
        {
            "name": "[concat(parameters('factoryName'), '/SqlServerTable124')]",
            "type": "Microsoft.DataFactory/factories/datasets",
            "apiVersion": "2018-06-01",
            "properties": {
                "linkedServiceName": {
                    "referenceName": "SqlServer1OnPremSQLDB_Linkedservice_Source123",
                    "type": "LinkedServiceReference"
                },
                "annotations": [],
                "type": "SqlServerTable",
                "schema": [
                    {
                        "name": "sid",
                        "type": "int",
                        "precision": 10
                    },
                    {
                        "name": "name",
                        "type": "varchar"
                    },
                    {
                        "name": "age",
                        "type": "int",
                        "precision": 10
                    },
                    {
                        "name": "grade",
                        "type": "varchar"
                    },
                    {
                        "name": "marks",
                        "type": "int",
                        "precision": 10
                    }
                ],
                "typeProperties": {
                    "schema": "dbo",
                    "table": "stu_pk"
                }
            },
            "dependsOn": []
        },
        {
            "name": "[concat(parameters('factoryName'), '/SqlServerTable1OnPremSQLDB_Dataset_Sink')]",
            "type": "Microsoft.DataFactory/factories/datasets",
            "apiVersion": "2018-06-01",
            "properties": {
                "linkedServiceName": {
                    "referenceName": "SqlServer1OnPremSQLDB_Linkedservice_Sink",
                    "type": "LinkedServiceReference"
                },
                "annotations": [],
                "type": "SqlServerTable",
                "schema": [],
                "typeProperties": {
                    "schema": "dbo",
                    "table": "empv1"
                }
            },
            "dependsOn": []
        },
        {
            "name": "[concat(parameters('factoryName'), '/SqlServerTable1OnPremSQLDB_Dataset_Source')]",
            "type": "Microsoft.DataFactory/factories/datasets",
            "apiVersion": "2018-06-01",
            "properties": {
                "linkedServiceName": {
                    "referenceName": "SqlServer1OnPremSQLDB_Linkedservice_Source",
                    "type": "LinkedServiceReference"
                },
                "annotations": [],
                "type": "SqlServerTable",
                "schema": [],
                "typeProperties": {
                    "schema": "dbo",
                    "table": "AzureUsage44"
                }
            },
            "dependsOn": []
        },
        {
            "name": "[concat(parameters('factoryName'), '/Datatype')]",
            "type": "Microsoft.DataFactory/factories/dataflows",
            "apiVersion": "2018-06-01",
            "properties": {
                "type": "MappingDataFlow",
                "typeProperties": {
                    "sources": [
                        {
                            "dataset": {
                                "referenceName": "DelimitedText1Dataset_DataFlowSource",
                                "type": "DatasetReference"
                            },
                            "name": "source1"
                        }
                    ],
                    "sinks": [
                        {
                            "dataset": {
                                "referenceName": "AzureSqlTable1DataFlow_Dataset_Sink",
                                "type": "DatasetReference"
                            },
                            "name": "sink1"
                        }
                    ],
                    "transformations": [],
                    "script": "source(output(\n\t\tColumn_1 as string,\n\t\tColumn_2 as string,\n\t\tColumn_3 as string,\n\t\tColumn_4 as string,\n\t\tColumn_5 as string,\n\t\tColumn_6 as string,\n\t\tColumn_7 as string,\n\t\tColumn_8 as string,\n\t\tColumn_9 as string,\n\t\tColumn_10 as string,\n\t\tColumn_11 as string,\n\t\tColumn_12 as string,\n\t\tColumn_13 as string,\n\t\tColumn_14 as string,\n\t\tColumn_15 as string,\n\t\tColumn_16 as string,\n\t\tColumn_17 as string,\n\t\tColumn_18 as string,\n\t\tColumn_19 as string,\n\t\tColumn_20 as string,\n\t\tColumn_21 as string,\n\t\tColumn_22 as string,\n\t\tColumn_23 as string,\n\t\tColumn_24 as string,\n\t\tColumn_25 as string,\n\t\tColumn_26 as string,\n\t\tColumn_27 as string,\n\t\tColumn_28 as string,\n\t\tColumn_29 as string,\n\t\tColumn_30 as string,\n\t\tColumn_31 as string,\n\t\tColumn_32 as string,\n\t\tColumn_33 as string,\n\t\tColumn_34 as string,\n\t\tColumn_35 as string,\n\t\tColumn_36 as string,\n\t\tColumn_37 as string,\n\t\tColumn_38 as string,\n\t\tColumn_39 as string,\n\t\tColumn_40 as string,\n\t\tColumn_41 as string,\n\t\tColumn_42 as string,\n\t\tColumn_43 as string,\n\t\tColumn_44 as string,\n\t\tColumn_45 as string,\n\t\tColumn_46 as string,\n\t\tColumn_47 as string,\n\t\tColumn_48 as string,\n\t\tColumn_49 as string,\n\t\tColumn_50 as string,\n\t\tColumn_51 as string,\n\t\tColumn_52 as string,\n\t\tColumn_53 as string,\n\t\tColumn_54 as string,\n\t\tColumn_55 as string,\n\t\tColumn_56 as string,\n\t\tColumn_57 as string,\n\t\tColumn_58 as string,\n\t\tColumn_59 as string,\n\t\tColumn_60 as string,\n\t\tColumn_61 as string,\n\t\tColumn_62 as string,\n\t\tColumn_63 as string,\n\t\tColumn_64 as string,\n\t\tColumn_65 as string,\n\t\tColumn_66 as string,\n\t\tColumn_67 as string,\n\t\tColumn_68 as string,\n\t\tColumn_69 as string,\n\t\tColumn_70 as string,\n\t\tColumn_71 as string,\n\t\tColumn_72 as string,\n\t\tColumn_73 as string,\n\t\tColumn_74 as string,\n\t\tColumn_75 as string,\n\t\tColumn_76 as string,\n\t\tColumn_77 as string,\n\t\tColumn_78 as string\n\t),\n\tallowSchemaDrift: true,\n\tvalidateSchema: false,\n\tignoreNoFilesFound: false) ~> source1\nsource1 sink(allowSchemaDrift: true,\n\tvalidateSchema: false,\n\tdeletable:false,\n\tinsertable:true,\n\tupdateable:false,\n\tupsertable:false,\n\trecreate:true,\n\tformat: 'table',\n\tskipDuplicateMapInputs: true,\n\tskipDuplicateMapOutputs: true,\n\terrorHandlingOption: 'stopOnFirstError') ~> sink1"
                }
            },
            "dependsOn": []
        },
        {
            "name": "[concat(parameters('factoryName'), '/PowerQuery1')]",
            "type": "Microsoft.DataFactory/factories/dataflows",
            "apiVersion": "2018-06-01",
            "properties": {
                "type": "WranglingDataFlow",
                "typeProperties": {
                    "sources": [
                        {
                            "name": "DelimitedText1Dataset_DataFlowSource",
                            "script": "source(allowSchemaDrift: true,\n\tvalidateSchema: false,\n\tignoreNoFilesFound: false) ~>  DelimitedText1Dataset_DataFlowSource",
                            "dataset": {
                                "referenceName": "DelimitedText1Dataset_DataFlowSource",
                                "type": "DatasetReference"
                            }
                        }
                    ],
                    "sinks": [
                        {
                            "name": "Sink1",
                            "dataset": {
                                "referenceName": "DelimitedText1Dataset_DataFlowSink",
                                "type": "DatasetReference"
                            },
                            "script": "sink(input(\n\t\tColumn_1 as string,\n\t\tColumn_2 as string,\n\t\tColumn_3 as string,\n\t\tColumn_4 as string,\n\t\tColumn_5 as string,\n\t\tColumn_6 as string,\n\t\tColumn_7 as string,\n\t\tColumn_8 as string,\n\t\tColumn_9 as string,\n\t\tColumn_10 as string,\n\t\tColumn_11 as string,\n\t\tColumn_12 as string,\n\t\tColumn_13 as string,\n\t\tColumn_14 as string,\n\t\tColumn_15 as string,\n\t\tColumn_16 as string,\n\t\tColumn_17 as string,\n\t\tColumn_18 as string,\n\t\tColumn_19 as string,\n\t\tColumn_20 as string,\n\t\tColumn_21 as string,\n\t\tColumn_22 as string,\n\t\tColumn_23 as string,\n\t\tColumn_24 as string,\n\t\tColumn_25 as string,\n\t\tColumn_26 as string,\n\t\tColumn_27 as string,\n\t\tColumn_28 as string,\n\t\tColumn_29 as string,\n\t\tColumn_30 as string,\n\t\tColumn_31 as string,\n\t\tColumn_32 as string,\n\t\tColumn_33 as string,\n\t\tColumn_34 as string,\n\t\tColumn_35 as string,\n\t\tColumn_36 as string,\n\t\tColumn_37 as string,\n\t\tColumn_38 as string,\n\t\tColumn_39 as string,\n\t\tColumn_40 as string,\n\t\tColumn_41 as string,\n\t\tColumn_42 as string,\n\t\tColumn_43 as string,\n\t\tColumn_44 as string,\n\t\tColumn_45 as string,\n\t\tColumn_46 as string,\n\t\tColumn_47 as string,\n\t\tColumn_48 as string,\n\t\tColumn_49 as string,\n\t\tColumn_50 as string,\n\t\tColumn_51 as string,\n\t\tColumn_52 as string,\n\t\tColumn_53 as string,\n\t\tColumn_54 as string,\n\t\tColumn_55 as string,\n\t\tColumn_56 as string,\n\t\tColumn_57 as string,\n\t\tColumn_58 as string,\n\t\tColumn_59 as string,\n\t\tColumn_60 as string,\n\t\tColumn_61 as string,\n\t\tColumn_62 as string,\n\t\tColumn_63 as string,\n\t\tColumn_64 as string,\n\t\tColumn_65 as string,\n\t\tColumn_66 as string,\n\t\tColumn_67 as string,\n\t\tColumn_68 as string,\n\t\tColumn_69 as string,\n\t\tColumn_70 as string,\n\t\tColumn_71 as string,\n\t\tColumn_72 as string,\n\t\tColumn_73 as string,\n\t\tColumn_74 as string,\n\t\tColumn_75 as string,\n\t\tColumn_76 as string,\n\t\tColumn_77 as string,\n\t\tColumn_78 as string\n\t),\n\tallowSchemaDrift: true,\n\tvalidateSchema: false,\n\tpartitionFileNames:[''],\n\tpartitionBy('hash', 1),\n\tskipDuplicateMapInputs: true,\n\tskipDuplicateMapOutputs: true) ~> Sink1"
                        }
                    ],
                    "script": "section Section1;\r\nshared DelimitedText1Dataset_DataFlowSource = let\r\n  AdfDoc = AzureStorage.BlobContents(\"https://vmrstorageaccount.blob.core.windows.net/vmrcontainer/All_In_One/Source's/vmr.csv\"),\r\n  Csv = Csv.Document(AdfDoc, [Delimiter = \",\", Encoding = TextEncoding.Utf8, QuoteStyle = QuoteStyle.Csv])\r\nin\r\n  Csv;\r\nshared UserQuery = let\r\n  Source = DelimitedText1Dataset_DataFlowSource\r\nin\r\n  Source;\r\n"
                }
            },
            "dependsOn": []
        },
        {
            "name": "[concat(parameters('factoryName'), '/PowerQuery2')]",
            "type": "Microsoft.DataFactory/factories/dataflows",
            "apiVersion": "2018-06-01",
            "properties": {
                "type": "WranglingDataFlow",
                "typeProperties": {
                    "sources": [
                        {
                            "name": "AzureSqlTable123",
                            "script": "source(allowSchemaDrift: true,\n\tvalidateSchema: false,\n\tignoreNoFilesFound: false,\n\tisolationLevel: 'READ_UNCOMMITTED',\n\tformat: 'table') ~>  AzureSqlTable123",
                            "dataset": {
                                "referenceName": "AzureSqlTable123",
                                "type": "DatasetReference"
                            }
                        }
                    ],
                    "sinks": [
                        {
                            "name": "Sink1",
                            "dataset": {
                                "referenceName": "AzureSqlTable124",
                                "type": "DatasetReference"
                            },
                            "script": "sink(input(\n\t\tsid as integer,\n\t\tname as string,\n\t\tage as integer,\n\t\tgrade as string,\n\t\tmarks as integer\n\t),\n\tallowSchemaDrift: true,\n\tvalidateSchema: false,\n\tdeletable:false,\n\tinsertable:true,\n\tupdateable:false,\n\tupsertable:false,\n\tformat: 'table',\n\tbatchSize: 2000,\n\tskipDuplicateMapInputs: true,\n\tskipDuplicateMapOutputs: true,\n\terrorHandlingOption: 'allErrors',\n\ttransactionCommit: 'single',\n\treportSuccessOnError: false) ~> Sink1"
                        }
                    ],
                    "script": "section Section1;\r\nshared AzureSqlTable123 = let\r\n  AdfDoc = Sql.Database(\"vmrsqlserver.database.windows.net\", \"vmrsqldatabase\"),\r\n  InputTable = AdfDoc{[Schema = \"dbo\", Item = \"Student_Add\"]}[Data]\r\nin\r\n  InputTable;\r\nshared UserQuery = let\r\n  Source = AzureSqlTable123\r\nin\r\n  Source;\r\n"
                }
            },
            "dependsOn": []
        },
        {
            "name": "[concat(parameters('factoryName'), '/dataflow1_NullTest')]",
            "type": "Microsoft.DataFactory/factories/dataflows",
            "apiVersion": "2018-06-01",
            "properties": {
                "type": "MappingDataFlow",
                "typeProperties": {
                    "sources": [
                        {
                            "dataset": {
                                "referenceName": "DelimitedText1Dataset_DataFlowSource",
                                "type": "DatasetReference"
                            },
                            "name": "sourceDF1"
                        }
                    ],
                    "sinks": [
                        {
                            "dataset": {
                                "referenceName": "AzureSqlTable1DataFlow_Dataset_Sink",
                                "type": "DatasetReference"
                            },
                            "name": "sinkDF1"
                        }
                    ],
                    "transformations": [],
                    "script": "source(output(\n\t\tColumn_1 as string,\n\t\tColumn_2 as string,\n\t\tColumn_3 as string,\n\t\tColumn_4 as string,\n\t\tColumn_5 as date 'dd/MM/yyyy',\n\t\tColumn_6 as string,\n\t\tColumn_7 as date 'dd/MM/yyyy',\n\t\tColumn_8 as string,\n\t\tColumn_9 as date 'dd/MM/yyyy',\n\t\tColumn_10 as string,\n\t\tColumn_11 as date 'dd/MM/yyyy',\n\t\tColumn_12 as string,\n\t\tColumn_13 as date 'dd/MM/yyyy',\n\t\tColumn_14 as string,\n\t\tColumn_15 as string,\n\t\tColumn_16 as string,\n\t\tColumn_17 as string,\n\t\tColumn_18 as string,\n\t\tColumn_19 as string,\n\t\tColumn_20 as string,\n\t\tColumn_21 as string,\n\t\tColumn_22 as string,\n\t\tColumn_23 as string,\n\t\tColumn_24 as string,\n\t\tColumn_25 as string,\n\t\tColumn_26 as string,\n\t\tColumn_27 as string,\n\t\tColumn_28 as string,\n\t\tColumn_29 as string,\n\t\tColumn_30 as string,\n\t\tColumn_31 as string,\n\t\tColumn_32 as string,\n\t\tColumn_33 as string,\n\t\tColumn_34 as string,\n\t\tColumn_35 as string,\n\t\tColumn_36 as string,\n\t\tColumn_37 as string,\n\t\tColumn_38 as string,\n\t\tColumn_39 as string,\n\t\tColumn_40 as string,\n\t\tColumn_41 as string,\n\t\tColumn_42 as string,\n\t\tColumn_43 as string,\n\t\tColumn_44 as string,\n\t\tColumn_45 as string,\n\t\tColumn_46 as string,\n\t\tColumn_47 as string,\n\t\tColumn_48 as string,\n\t\tColumn_49 as string,\n\t\tColumn_50 as string,\n\t\tColumn_51 as string,\n\t\tColumn_52 as string,\n\t\tColumn_53 as string,\n\t\tColumn_54 as string,\n\t\tColumn_55 as string,\n\t\tColumn_56 as string,\n\t\tColumn_57 as string,\n\t\tColumn_58 as string,\n\t\tColumn_59 as string,\n\t\tColumn_60 as string,\n\t\tColumn_61 as string,\n\t\tColumn_62 as string,\n\t\tColumn_63 as string,\n\t\tColumn_64 as string,\n\t\tColumn_65 as string,\n\t\tColumn_66 as string,\n\t\tColumn_67 as string,\n\t\tColumn_68 as string,\n\t\tColumn_69 as string,\n\t\tColumn_70 as string,\n\t\tColumn_71 as string,\n\t\tColumn_72 as string,\n\t\tColumn_73 as string,\n\t\tColumn_74 as string,\n\t\tColumn_75 as string,\n\t\tColumn_76 as string,\n\t\tColumn_77 as string,\n\t\tColumn_78 as string\n\t),\n\tallowSchemaDrift: true,\n\tvalidateSchema: false,\n\tignoreNoFilesFound: false) ~> sourceDF1\nsourceDF1 sink(allowSchemaDrift: true,\n\tvalidateSchema: false,\n\tdeletable:false,\n\tinsertable:true,\n\tupdateable:false,\n\tupsertable:false,\n\tformat: 'table',\n\tskipDuplicateMapInputs: true,\n\tskipDuplicateMapOutputs: true,\n\terrorHandlingOption: 'stopOnFirstError') ~> sinkDF1"
                }
            },
            "dependsOn": []
        },
        {
            "name": "[concat(parameters('factoryName'), '/dataflow1_Parquet_KeyP')]",
            "type": "Microsoft.DataFactory/factories/dataflows",
            "apiVersion": "2018-06-01",
            "properties": {
                "type": "MappingDataFlow",
                "typeProperties": {
                    "sources": [
                        {
                            "dataset": {
                                "referenceName": "Parquet1DF_Dataset_Source",
                                "type": "DatasetReference"
                            },
                            "name": "source1"
                        }
                    ],
                    "sinks": [
                        {
                            "dataset": {
                                "referenceName": "Parquet1DF_Dataset_Sink",
                                "type": "DatasetReference"
                            },
                            "name": "sink1"
                        }
                    ],
                    "transformations": [],
                    "script": "source(output(\n\t\tregistration_dttm as timestamp,\n\t\tid as integer,\n\t\tfirst_name as string,\n\t\tlast_name as string,\n\t\temail as string,\n\t\tgender as string,\n\t\tip_address as string,\n\t\tcc as string,\n\t\tcountry as string,\n\t\tbirthdate as string,\n\t\tsalary as double,\n\t\ttitle as string,\n\t\tcomments as string\n\t),\n\tallowSchemaDrift: true,\n\tvalidateSchema: false,\n\tignoreNoFilesFound: false,\n\tformat: 'parquet',\n\tpartitionBy('key',\n\t\t0,\n\t\tsalary\n\t)) ~> source1\nsource1 sink(allowSchemaDrift: true,\n\tvalidateSchema: false,\n\tformat: 'parquet',\n\trowUrlColumn:'country',\n\tskipDuplicateMapInputs: true,\n\tskipDuplicateMapOutputs: true) ~> sink1"
                }
            },
            "dependsOn": []
        },
        {
            "name": "[concat(parameters('factoryName'), '/dataflow_Test')]",
            "type": "Microsoft.DataFactory/factories/dataflows",
            "apiVersion": "2018-06-01",
            "properties": {
                "type": "MappingDataFlow",
                "typeProperties": {
                    "sources": [
                        {
                            "dataset": {
                                "referenceName": "DelimitedText1Dataset_DataFlowSink",
                                "type": "DatasetReference"
                            },
                            "name": "source1"
                        }
                    ],
                    "sinks": [
                        {
                            "dataset": {
                                "referenceName": "AzureSqlTable1DataFlow_Dataset_Source",
                                "type": "DatasetReference"
                            },
                            "name": "sink1"
                        }
                    ],
                    "transformations": [],
                    "script": "source(output(\n\t\tColumn_1 as string,\n\t\tColumn_2 as string,\n\t\tColumn_3 as string,\n\t\tColumn_4 as string,\n\t\tColumn_5 as string,\n\t\tColumn_6 as string,\n\t\tColumn_7 as string,\n\t\tColumn_8 as date 'dd/MM/yyyy',\n\t\tColumn_9 as string,\n\t\tColumn_10 as string,\n\t\tColumn_11 as string,\n\t\tColumn_12 as string,\n\t\tColumn_13 as string,\n\t\tColumn_14 as string,\n\t\tColumn_15 as string,\n\t\tColumn_16 as string,\n\t\tColumn_17 as string,\n\t\tColumn_18 as string,\n\t\tColumn_19 as string,\n\t\tColumn_20 as string,\n\t\tColumn_21 as string,\n\t\tColumn_22 as string,\n\t\tColumn_23 as string,\n\t\tColumn_24 as string,\n\t\tColumn_25 as string,\n\t\tColumn_26 as string,\n\t\tColumn_27 as string,\n\t\tColumn_28 as string,\n\t\tColumn_29 as string,\n\t\tColumn_30 as string,\n\t\tColumn_31 as string,\n\t\tColumn_32 as string,\n\t\tColumn_33 as string,\n\t\tColumn_34 as string,\n\t\tColumn_35 as string,\n\t\tColumn_36 as string,\n\t\tColumn_37 as string,\n\t\tColumn_38 as string,\n\t\tColumn_39 as string,\n\t\tColumn_40 as string,\n\t\tColumn_41 as string,\n\t\tColumn_42 as string,\n\t\tColumn_43 as string,\n\t\tColumn_44 as string,\n\t\tColumn_45 as string,\n\t\tColumn_46 as string,\n\t\tColumn_47 as string,\n\t\tColumn_48 as string,\n\t\tColumn_49 as string,\n\t\tColumn_50 as string,\n\t\tColumn_51 as string,\n\t\tColumn_52 as string,\n\t\tColumn_53 as string,\n\t\tColumn_54 as string,\n\t\tColumn_55 as string,\n\t\tColumn_56 as string,\n\t\tColumn_57 as string,\n\t\tColumn_58 as string,\n\t\tColumn_59 as string,\n\t\tColumn_60 as string,\n\t\tColumn_61 as string,\n\t\tColumn_62 as string,\n\t\tColumn_63 as string,\n\t\tColumn_64 as string,\n\t\tColumn_65 as string,\n\t\tColumn_66 as string,\n\t\tColumn_67 as string,\n\t\tColumn_68 as string,\n\t\tColumn_69 as string,\n\t\tColumn_70 as string,\n\t\tColumn_71 as string,\n\t\tColumn_72 as string,\n\t\tColumn_73 as string,\n\t\tColumn_74 as string,\n\t\tColumn_75 as string,\n\t\tColumn_76 as string,\n\t\tColumn_77 as string,\n\t\tColumn_78 as string\n\t),\n\tallowSchemaDrift: true,\n\tvalidateSchema: false,\n\tignoreNoFilesFound: false) ~> source1\nsource1 sink(allowSchemaDrift: true,\n\tvalidateSchema: false,\n\tdeletable:false,\n\tinsertable:true,\n\tupdateable:false,\n\tupsertable:false,\n\trecreate:true,\n\tformat: 'table',\n\tskipDuplicateMapInputs: true,\n\tskipDuplicateMapOutputs: true,\n\terrorHandlingOption: 'stopOnFirstError') ~> sink1"
                }
            },
            "dependsOn": []
        },
        {
            "name": "[concat(parameters('factoryName'), '/AzureSQLDBtoOnPremSQL')]",
            "type": "Microsoft.DataFactory/factories/pipelines",
            "apiVersion": "2018-06-01",
            "properties": {
                "activities": [
                    {
                        "name": "AzureSQLDB2OnPremSQL",
                        "type": "Copy",
                        "dependsOn": [],
                        "policy": {
                            "timeout": "7.00:00:00",
                            "retry": 0,
                            "retryIntervalInSeconds": 30,
                            "secureOutput": false,
                            "secureInput": false
                        },
                        "userProperties": [],
                        "typeProperties": {
                            "source": {
                                "type": "AzureSqlSource",
                                "queryTimeout": "02:00:00",
                                "partitionOption": "None"
                            },
                            "sink": {
                                "type": "SqlServerSink",
                                "tableOption": "autoCreate"
                            },
                            "enableStaging": false,
                            "translator": {
                                "type": "TabularTranslator",
                                "typeConversion": true,
                                "typeConversionSettings": {
                                    "allowDataTruncation": true,
                                    "treatBooleanAsNumber": false
                                }
                            }
                        },
                        "inputs": [
                            {
                                "referenceName": "AzureSqlTable1AzureSQLDB_Dataset_Source",
                                "type": "DatasetReference",
                                "parameters": {}
                            }
                        ],
                        "outputs": [
                            {
                                "referenceName": "SqlServerTable1OnPremSQLDB_Dataset_Sink",
                                "type": "DatasetReference",
                                "parameters": {}
                            }
                        ]
                    }
                ],
                "annotations": [],
                "lastPublishTime": "2020-09-11T15:45:00Z"
            },
            "dependsOn": [
                "[concat(variables('factoryId'), '/datasets/SqlServerTable1OnPremSQLDB_Dataset_Sink')]"
            ]
        },
        {
            "name": "[concat(parameters('factoryName'), '/DF_keyPartitioning')]",
            "type": "Microsoft.DataFactory/factories/pipelines",
            "apiVersion": "2018-06-01",
            "properties": {
                "activities": [
                    {
                        "name": "dataflow1",
                        "type": "ExecuteDataFlow",
                        "dependsOn": [],
                        "policy": {
                            "timeout": "7.00:00:00",
                            "retry": 0,
                            "retryIntervalInSeconds": 30,
                            "secureOutput": false,
                            "secureInput": false
                        },
                        "userProperties": [],
                        "typeProperties": {
                            "dataflow": {
                                "referenceName": "dataflow1_Parquet_KeyP",
                                "type": "DataFlowReference",
                                "parameters": {},
                                "datasetParameters": {
                                    "source1": {},
                                    "sink1": {}
                                }
                            },
                            "staging": {},
                            "compute": {
                                "coreCount": 8,
                                "computeType": "General"
                            },
                            "traceLevel": "Fine"
                        }
                    }
                ],
                "folder": {
                    "name": "DataFlow's"
                },
                "annotations": [],
                "lastPublishTime": "2020-08-31T11:30:46Z"
            },
            "dependsOn": [
                "[concat(variables('factoryId'), '/dataflows/dataflow1_Parquet_KeyP')]"
            ]
        },
        {
            "name": "[concat(parameters('factoryName'), '/DF_keyPartitioning_Default')]",
            "type": "Microsoft.DataFactory/factories/pipelines",
            "apiVersion": "2018-06-01",
            "properties": {
                "activities": [
                    {
                        "name": "dataflow1",
                        "type": "ExecuteDataFlow",
                        "dependsOn": [],
                        "policy": {
                            "timeout": "7.00:00:00",
                            "retry": 0,
                            "retryIntervalInSeconds": 30,
                            "secureOutput": false,
                            "secureInput": false
                        },
                        "userProperties": [],
                        "typeProperties": {
                            "dataflow": {
                                "referenceName": "dataflow1_Parquet_KeyP",
                                "type": "DataFlowReference",
                                "parameters": {},
                                "datasetParameters": {
                                    "source1": {},
                                    "sink1": {}
                                }
                            },
                            "staging": {},
                            "compute": {
                                "coreCount": 8,
                                "computeType": "General"
                            },
                            "traceLevel": "Fine"
                        }
                    }
                ],
                "folder": {
                    "name": "DataFlow's"
                },
                "annotations": [],
                "lastPublishTime": "2020-08-31T11:36:52Z"
            },
            "dependsOn": [
                "[concat(variables('factoryId'), '/dataflows/dataflow1_Parquet_KeyP')]"
            ]
        },
        {
            "name": "[concat(parameters('factoryName'), '/DataFlow_Null_Test_CSV')]",
            "type": "Microsoft.DataFactory/factories/pipelines",
            "apiVersion": "2018-06-01",
            "properties": {
                "activities": [
                    {
                        "name": "dataflow1_NullTest",
                        "type": "ExecuteDataFlow",
                        "dependsOn": [],
                        "policy": {
                            "timeout": "7.00:00:00",
                            "retry": 0,
                            "retryIntervalInSeconds": 30,
                            "secureOutput": false,
                            "secureInput": false
                        },
                        "userProperties": [],
                        "typeProperties": {
                            "dataflow": {
                                "referenceName": "dataflow1_NullTest",
                                "type": "DataFlowReference",
                                "parameters": {},
                                "datasetParameters": {
                                    "sourceDF1": {},
                                    "sinkDF1": {}
                                }
                            },
                            "staging": {},
                            "compute": {
                                "coreCount": 8,
                                "computeType": "General"
                            },
                            "traceLevel": "Fine"
                        }
                    }
                ],
                "folder": {
                    "name": "DataFlow's"
                },
                "annotations": [],
                "lastPublishTime": "2020-08-27T21:49:52Z"
            },
            "dependsOn": [
                "[concat(variables('factoryId'), '/dataflows/dataflow1_NullTest')]"
            ]
        },
        {
            "name": "[concat(parameters('factoryName'), '/DataFlow_Test')]",
            "type": "Microsoft.DataFactory/factories/pipelines",
            "apiVersion": "2018-06-01",
            "properties": {
                "activities": [
                    {
                        "name": "dataflow_Test",
                        "type": "ExecuteDataFlow",
                        "dependsOn": [],
                        "policy": {
                            "timeout": "7.00:00:00",
                            "retry": 0,
                            "retryIntervalInSeconds": 30,
                            "secureOutput": false,
                            "secureInput": false
                        },
                        "userProperties": [],
                        "typeProperties": {
                            "dataflow": {
                                "referenceName": "dataflow_Test",
                                "type": "DataFlowReference",
                                "parameters": {},
                                "datasetParameters": {
                                    "source1": {},
                                    "sink1": {}
                                }
                            },
                            "staging": {},
                            "compute": {
                                "coreCount": 8,
                                "computeType": "General"
                            },
                            "traceLevel": "Fine"
                        }
                    }
                ],
                "folder": {
                    "name": "DataFlow's"
                },
                "annotations": [],
                "lastPublishTime": "2020-08-27T21:57:33Z"
            },
            "dependsOn": [
                "[concat(variables('factoryId'), '/dataflows/dataflow_Test')]"
            ]
        },
        {
            "name": "[concat(parameters('factoryName'), '/DatatypeNULLDataFlow')]",
            "type": "Microsoft.DataFactory/factories/pipelines",
            "apiVersion": "2018-06-01",
            "properties": {
                "activities": [
                    {
                        "name": "Datatype",
                        "type": "ExecuteDataFlow",
                        "dependsOn": [],
                        "policy": {
                            "timeout": "7.00:00:00",
                            "retry": 0,
                            "retryIntervalInSeconds": 30,
                            "secureOutput": false,
                            "secureInput": false
                        },
                        "userProperties": [],
                        "typeProperties": {
                            "dataflow": {
                                "referenceName": "Datatype",
                                "type": "DataFlowReference",
                                "parameters": {},
                                "datasetParameters": {
                                    "source1": {},
                                    "sink1": {}
                                }
                            },
                            "staging": {},
                            "compute": {
                                "coreCount": 8,
                                "computeType": "General"
                            },
                            "traceLevel": "Fine"
                        }
                    }
                ],
                "folder": {
                    "name": "DataFlow's"
                },
                "annotations": [],
                "lastPublishTime": "2020-09-25T20:02:25Z"
            },
            "dependsOn": [
                "[concat(variables('factoryId'), '/dataflows/Datatype')]"
            ]
        },
        {
            "name": "[concat(parameters('factoryName'), '/Datatypedatetime')]",
            "type": "Microsoft.DataFactory/factories/pipelines",
            "apiVersion": "2018-06-01",
            "properties": {
                "activities": [
                    {
                        "name": "Copy data1",
                        "type": "Copy",
                        "dependsOn": [],
                        "policy": {
                            "timeout": "7.00:00:00",
                            "retry": 0,
                            "retryIntervalInSeconds": 30,
                            "secureOutput": false,
                            "secureInput": false
                        },
                        "userProperties": [],
                        "typeProperties": {
                            "source": {
                                "type": "SqlServerSource",
                                "queryTimeout": "02:00:00",
                                "partitionOption": "None"
                            },
                            "sink": {
                                "type": "AzureSqlSink"
                            },
                            "enableStaging": false,
                            "translator": {
                                "type": "TabularTranslator",
                                "typeConversion": true,
                                "typeConversionSettings": {
                                    "allowDataTruncation": true,
                                    "treatBooleanAsNumber": false
                                }
                            }
                        },
                        "inputs": [
                            {
                                "referenceName": "SqlServerTable123",
                                "type": "DatasetReference",
                                "parameters": {}
                            }
                        ],
                        "outputs": [
                            {
                                "referenceName": "AzureSqlTable123",
                                "type": "DatasetReference",
                                "parameters": {}
                            }
                        ]
                    }
                ],
                "annotations": []
            },
            "dependsOn": [
                "[concat(variables('factoryId'), '/datasets/SqlServerTable123')]"
            ]
        }
    ]
}