{
    "$schema": "http://schema.management.azure.com/schemas/2015-01-01/deploymentTemplate.json#",
    "contentVersion": "1.0.0.0",
    "parameters": {
        "factoryName": {
            "type": "string",
            "metadata": "Data Factory name",
            "defaultValue": "vmrADF-V2"
        },
        "AzureBlobStorage1_connectionString": {
            "type": "secureString",
            "metadata": "Secure string for 'connectionString' of 'AzureBlobStorage1'"
        },
        "AzureBlobStorage2_connectionString": {
            "type": "secureString",
            "metadata": "Secure string for 'connectionString' of 'AzureBlobStorage2'"
        },
        "AzureBlobStorage2DF_Linkedservice_Sink_connectionString": {
            "type": "secureString",
            "metadata": "Secure string for 'connectionString' of 'AzureBlobStorage2DF_Linkedservice_Sink'"
        },
        "AzureBlobStorage2DF_Linkedservice_source_connectionString": {
            "type": "secureString",
            "metadata": "Secure string for 'connectionString' of 'AzureBlobStorage2DF_Linkedservice_source'"
        },
        "AzureBlobStorage2Linkedservice_DataFlowSink_connectionString": {
            "type": "secureString",
            "metadata": "Secure string for 'connectionString' of 'AzureBlobStorage2Linkedservice_DataFlowSink'"
        },
        "AzureBlobStorage2Linkedservice_DataFlowSource_connectionString": {
            "type": "secureString",
            "metadata": "Secure string for 'connectionString' of 'AzureBlobStorage2Linkedservice_DataFlowSource'"
        },
        "AzureBlobStorage3_connectionString": {
            "type": "secureString",
            "metadata": "Secure string for 'connectionString' of 'AzureBlobStorage3'"
        },
        "AzureBlobStorage4_connectionString": {
            "type": "secureString",
            "metadata": "Secure string for 'connectionString' of 'AzureBlobStorage4'"
        },
        "AzureBlobStorage5_connectionString": {
            "type": "secureString",
            "metadata": "Secure string for 'connectionString' of 'AzureBlobStorage5'"
        },
        "AzureBlobStorage6_SourceJSON_connectionString": {
            "type": "secureString",
            "metadata": "Secure string for 'connectionString' of 'AzureBlobStorage6_SourceJSON'"
        },
        "AzureBlobStorage6mvnet_connectionString": {
            "type": "secureString",
            "metadata": "Secure string for 'connectionString' of 'AzureBlobStorage6mvnet'"
        },
        "AzureBlobStorage_LinkedService_Source_CSV_connectionString": {
            "type": "secureString",
            "metadata": "Secure string for 'connectionString' of 'AzureBlobStorage_LinkedService_Source_CSV'"
        },
        "AzureBlobStorage_RestAPI_connectionString": {
            "type": "secureString",
            "metadata": "Secure string for 'connectionString' of 'AzureBlobStorage_RestAPI'"
        },
        "AzureBlobStorage_Sink_LinkedService_connectionString": {
            "type": "secureString",
            "metadata": "Secure string for 'connectionString' of 'AzureBlobStorage_Sink_LinkedService'"
        },
        "AzureBlobStorage_Source_LinkedService_connectionString": {
            "type": "secureString",
            "metadata": "Secure string for 'connectionString' of 'AzureBlobStorage_Source_LinkedService'"
        },
        "AzureBlobStorage_Source_and_Sink_connectionString": {
            "type": "secureString",
            "metadata": "Secure string for 'connectionString' of 'AzureBlobStorage_Source_and_Sink'"
        },
        "AzureDataLakeStorage1JD_accountKey": {
            "type": "secureString",
            "metadata": "Secure string for 'accountKey' of 'AzureDataLakeStorage1JD'"
        },
        "AzureDataLakeStorage1Sample_accountKey": {
            "type": "secureString",
            "metadata": "Secure string for 'accountKey' of 'AzureDataLakeStorage1Sample'"
        },
        "AzureDatabricks_LinkedService_accessToken": {
            "type": "secureString",
            "metadata": "Secure string for 'accessToken' of 'AzureDatabricks_LinkedService'"
        },
        "AzureFileServer_connectionString": {
            "type": "secureString",
            "metadata": "Secure string for 'connectionString' of 'AzureFileServer'"
        },
        "AzureSqlDatabase1_connectionString": {
            "type": "secureString",
            "metadata": "Secure string for 'connectionString' of 'AzureSqlDatabase1'"
        },
        "AzureSqlDatabase1AzureSQLDB_Linkedservice_Sink_connectionString": {
            "type": "secureString",
            "metadata": "Secure string for 'connectionString' of 'AzureSqlDatabase1AzureSQLDB_Linkedservice_Sink'"
        },
        "AzureSqlDatabase1AzureSQLDB_Linkedservice_Sink123_connectionString": {
            "type": "secureString",
            "metadata": "Secure string for 'connectionString' of 'AzureSqlDatabase1AzureSQLDB_Linkedservice_Sink123'"
        },
        "AzureSqlDatabase1AzureSQLDB_Linkedservice_Source_connectionString": {
            "type": "secureString",
            "metadata": "Secure string for 'connectionString' of 'AzureSqlDatabase1AzureSQLDB_Linkedservice_Source'"
        },
        "AzureSqlDatabase1DataFlow_Linkedservice_Sink_connectionString": {
            "type": "secureString",
            "metadata": "Secure string for 'connectionString' of 'AzureSqlDatabase1DataFlow_Linkedservice_Sink'"
        },
        "AzureSqlDatabase1DataFlow_Linkedservice_Source_connectionString": {
            "type": "secureString",
            "metadata": "Secure string for 'connectionString' of 'AzureSqlDatabase1DataFlow_Linkedservice_Source'"
        },
        "AzureSqlDatabaseLinkedService_connectionString": {
            "type": "secureString",
            "metadata": "Secure string for 'connectionString' of 'AzureSqlDatabaseLinkedService'"
        },
        "AzureSqlDatabaseSample_connectionString": {
            "type": "secureString",
            "metadata": "Secure string for 'connectionString' of 'AzureSqlDatabaseSample'"
        },
        "AzureSqlDatabase_LinkedService_AzureSQL_connectionString": {
            "type": "secureString",
            "metadata": "Secure string for 'connectionString' of 'AzureSqlDatabase_LinkedService_AzureSQL'"
        },
        "AzureSqlMI1_connectionString": {
            "type": "secureString",
            "metadata": "Secure string for 'connectionString' of 'AzureSqlMI1'"
        },
        "AzureSqlTable2_LinkedService_Source_ASQL2Cosmos_connectionString": {
            "type": "secureString",
            "metadata": "Secure string for 'connectionString' of 'AzureSqlTable2_LinkedService_Source_ASQL2Cosmos'"
        },
        "AzureStorageLinkedService_connectionString": {
            "type": "secureString",
            "metadata": "Secure string for 'connectionString' of 'AzureStorageLinkedService'"
        },
        "AzureSynapseAnalytics1_LinkedService2_Sink_connectionString": {
            "type": "secureString",
            "metadata": "Secure string for 'connectionString' of 'AzureSynapseAnalytics1_LinkedService2_Sink'"
        },
        "AzureSynapseAnalytics1_LinkedService_Source_connectionString": {
            "type": "secureString",
            "metadata": "Secure string for 'connectionString' of 'AzureSynapseAnalytics1_LinkedService_Source'"
        },
        "AzureSynapseAnalytics1_Linkedservice_Sink_connectionString": {
            "type": "secureString",
            "metadata": "Secure string for 'connectionString' of 'AzureSynapseAnalytics1_Linkedservice_Sink'"
        },
        "CSV_Linkedservice_Sink_connectionString": {
            "type": "secureString",
            "metadata": "Secure string for 'connectionString' of 'CSV_Linkedservice_Sink'"
        },
        "CSV_Linkedservice_Source_connectionString": {
            "type": "secureString",
            "metadata": "Secure string for 'connectionString' of 'CSV_Linkedservice_Source'"
        },
        "CosmosDb1_connectionString": {
            "type": "secureString",
            "metadata": "Secure string for 'connectionString' of 'CosmosDb1'"
        },
        "CosmosDb2_Sink_connectionString": {
            "type": "secureString",
            "metadata": "Secure string for 'connectionString' of 'CosmosDb2_Sink'"
        },
        "CosmosDb_Source_connectionString": {
            "type": "secureString",
            "metadata": "Secure string for 'connectionString' of 'CosmosDb_Source'"
        },
        "EDHPRODDB01_connectionString": {
            "type": "secureString",
            "metadata": "Secure string for 'connectionString' of 'EDHPRODDB01'"
        },
        "SalesforceMarketingCloud1_connectionProperties_clientSecret": {
            "type": "secureString",
            "metadata": "Secure string for 'clientSecret' of 'SalesforceMarketingCloud1'"
        },
        "SapEcc1tfty35y_password": {
            "type": "secureString",
            "metadata": "Secure string for 'password' of 'SapEcc1tfty35y'"
        },
        "SqlServer1OnPremSQLDB_Linkedservice_Sink_connectionString": {
            "type": "secureString",
            "metadata": "Secure string for 'connectionString' of 'SqlServer1OnPremSQLDB_Linkedservice_Sink'"
        },
        "SqlServer1OnPremSQLDB_Linkedservice_Source_connectionString": {
            "type": "secureString",
            "metadata": "Secure string for 'connectionString' of 'SqlServer1OnPremSQLDB_Linkedservice_Source'"
        },
        "SqlServer1OnPremSQLDB_Linkedservice_Source123_connectionString": {
            "type": "secureString",
            "metadata": "Secure string for 'connectionString' of 'SqlServer1OnPremSQLDB_Linkedservice_Source123'"
        },
        "Staging_connectionString": {
            "type": "secureString",
            "metadata": "Secure string for 'connectionString' of 'Staging'"
        },
        "linkedServiceOndemandHDIcluster_clusterPassword": {
            "type": "secureString",
            "metadata": "Secure string for 'clusterPassword' of 'linkedServiceOndemandHDIcluster'"
        },
        "linkedServiceOndemandHDIcluster_clusterSshPassword": {
            "type": "secureString",
            "metadata": "Secure string for 'clusterSshPassword' of 'linkedServiceOndemandHDIcluster'"
        },
        "linkedServiceOndemandHDIcluster_servicePrincipalKey": {
            "type": "secureString",
            "metadata": "Secure string for 'servicePrincipalKey' of 'linkedServiceOndemandHDIcluster'"
        },
        "linkedServiceOwnHDIcluster_password": {
            "type": "secureString",
            "metadata": "Secure string for 'password' of 'linkedServiceOwnHDIcluster'"
        },
        "research_db_connectionString": {
            "type": "secureString",
            "metadata": "Secure string for 'connectionString' of 'research_db'"
        },
        "AzureDataLakeStorage1JD_properties_typeProperties_url": {
            "type": "string",
            "defaultValue": "https://vmrstorageaccount.dfs.core.windows.net"
        },
        "AzureDataLakeStorage1Sample_properties_typeProperties_url": {
            "type": "string",
            "defaultValue": "https://vmrstorageaccount.dfs.core.windows.net"
        },
        "RestService1_properties_typeProperties_url": {
            "type": "string",
            "defaultValue": "http://dummy.restapiexample.com/api/v1/employees"
        },
        "SapEcc1tfty35y_properties_typeProperties_url": {
            "type": "string",
            "defaultValue": "gfdsgety"
        },
        "SapEcc1tfty35y_properties_typeProperties_username": {
            "type": "string",
            "defaultValue": "ey35tyeg"
        },
        "linkedServiceOndemandHDIcluster_properties_typeProperties_hostSubscriptionId": {
            "type": "string",
            "defaultValue": "93dbc954-90a1-459b-bc12-a781ae24970c"
        },
        "linkedServiceOndemandHDIcluster_properties_typeProperties_clusterResourceGroup": {
            "type": "string",
            "defaultValue": "vmrresourcegroup"
        },
        "linkedServiceOndemandHDIcluster_properties_typeProperties_servicePrincipalId": {
            "type": "string",
            "defaultValue": "5dc72838-8a7a-49ea-a199-328474ceaf8e"
        },
        "linkedServiceOndemandHDIcluster_properties_typeProperties_tenant": {
            "type": "string",
            "defaultValue": "72f988bf-86f1-41af-91ab-2d7cd011db47"
        },
        "linkedServiceOwnHDIcluster_properties_typeProperties_userName": {
            "type": "string",
            "defaultValue": "vmrclusterlogin"
        },
        "vmr_AzureKeyVault1_properties_typeProperties_baseUrl": {
            "type": "string",
            "defaultValue": "https://vmr-KeyVault.vault.azure.net/"
        },
        "trigger_EventBlob_Trigger_properties_typeProperties_scope": {
            "type": "string",
            "defaultValue": "/subscriptions/93dbc954-90a1-459b-bc12-a781ae24970c/resourceGroups/vmrresourcegroup/providers/Microsoft.Storage/storageAccounts/vmrstorageaccount"
        },
        "AzureDataLakeStorage1_properties_privateLinkResourceId": {
            "type": "string",
            "defaultValue": "/subscriptions/93dbc954-90a1-459b-bc12-a781ae24970c/resourceGroups/vmrresourcegroup/providers/Microsoft.Storage/storageAccounts/vmrstorageaccount"
        },
        "AzureDataLakeStorage1_properties_groupId": {
            "type": "string",
            "defaultValue": "dfs"
        },
        "CosmosDb1_properties_privateLinkResourceId": {
            "type": "string",
            "defaultValue": "/subscriptions/93dbc954-90a1-459b-bc12-a781ae24970c/resourceGroups/vmrresourcegroup/providers/Microsoft.DocumentDb/databaseAccounts/vmrcosmosdb"
        },
        "CosmosDb1_properties_groupId": {
            "type": "string",
            "defaultValue": "Sql"
        },
        "SqlServer1_properties_privateLinkResourceId": {
            "type": "string",
            "defaultValue": "/subscriptions/93dbc954-90a1-459b-bc12-a781ae24970c/resourceGroups/vmrresourcegroup/providers/Microsoft.Sql/servers/vmrsqlserver"
        },
        "SqlServer1_properties_groupId": {
            "type": "string",
            "defaultValue": "sqlServer"
        },
        "containerUri": {
            "type": "string",
            "metadata": "URI to storage account containing linked ARM templates"
        },
        "containerSasToken": {
            "type": "string",
            "metadata": "Sas token to storage account containing linked ARM templates"
        }
    },
    "variables": {
        "factoryId": "[concat('Microsoft.DataFactory/factories/', parameters('factoryName'))]"
    },
    "resources": [
        {
            "name": "vmrADF-V2_ArmTemplate_0",
            "type": "Microsoft.Resources/deployments",
            "apiVersion": "2018-02-01",
            "properties": {
                "mode": "incremental",
                "templateLink": {
                    "uri": "[concat(parameters('containerUri'), '/ArmTemplate_0.json', parameters('containerSasToken'))]",
                    "contentVersion": "1.0.0.0"
                },
                "parameters": {
                    "factoryName": {
                        "value": "[parameters('factoryName')]"
                    },
                    "AzureBlobStorage1_connectionString": {
                        "value": "[parameters('AzureBlobStorage1_connectionString')]"
                    },
                    "AzureBlobStorage2_connectionString": {
                        "value": "[parameters('AzureBlobStorage2_connectionString')]"
                    },
                    "AzureBlobStorage2DF_Linkedservice_Sink_connectionString": {
                        "value": "[parameters('AzureBlobStorage2DF_Linkedservice_Sink_connectionString')]"
                    },
                    "AzureBlobStorage2DF_Linkedservice_source_connectionString": {
                        "value": "[parameters('AzureBlobStorage2DF_Linkedservice_source_connectionString')]"
                    },
                    "AzureBlobStorage2Linkedservice_DataFlowSink_connectionString": {
                        "value": "[parameters('AzureBlobStorage2Linkedservice_DataFlowSink_connectionString')]"
                    },
                    "AzureBlobStorage2Linkedservice_DataFlowSource_connectionString": {
                        "value": "[parameters('AzureBlobStorage2Linkedservice_DataFlowSource_connectionString')]"
                    },
                    "AzureBlobStorage3_connectionString": {
                        "value": "[parameters('AzureBlobStorage3_connectionString')]"
                    },
                    "AzureBlobStorage4_connectionString": {
                        "value": "[parameters('AzureBlobStorage4_connectionString')]"
                    },
                    "AzureBlobStorage5_connectionString": {
                        "value": "[parameters('AzureBlobStorage5_connectionString')]"
                    },
                    "AzureBlobStorage6_SourceJSON_connectionString": {
                        "value": "[parameters('AzureBlobStorage6_SourceJSON_connectionString')]"
                    },
                    "AzureBlobStorage6mvnet_connectionString": {
                        "value": "[parameters('AzureBlobStorage6mvnet_connectionString')]"
                    },
                    "AzureBlobStorage_LinkedService_Source_CSV_connectionString": {
                        "value": "[parameters('AzureBlobStorage_LinkedService_Source_CSV_connectionString')]"
                    },
                    "AzureBlobStorage_RestAPI_connectionString": {
                        "value": "[parameters('AzureBlobStorage_RestAPI_connectionString')]"
                    }
                }
            },
            "dependsOn": []
        },
        {
            "name": "vmrADF-V2_ArmTemplate_1",
            "type": "Microsoft.Resources/deployments",
            "apiVersion": "2018-02-01",
            "properties": {
                "mode": "incremental",
                "templateLink": {
                    "uri": "[concat(parameters('containerUri'), '/ArmTemplate_1.json', parameters('containerSasToken'))]",
                    "contentVersion": "1.0.0.0"
                },
                "parameters": {
                    "factoryName": {
                        "value": "[parameters('factoryName')]"
                    },
                    "AzureBlobStorage_Sink_LinkedService_connectionString": {
                        "value": "[parameters('AzureBlobStorage_Sink_LinkedService_connectionString')]"
                    },
                    "AzureBlobStorage_Source_LinkedService_connectionString": {
                        "value": "[parameters('AzureBlobStorage_Source_LinkedService_connectionString')]"
                    },
                    "AzureBlobStorage_Source_and_Sink_connectionString": {
                        "value": "[parameters('AzureBlobStorage_Source_and_Sink_connectionString')]"
                    },
                    "AzureDataLakeStorage1JD_accountKey": {
                        "value": "[parameters('AzureDataLakeStorage1JD_accountKey')]"
                    },
                    "AzureDataLakeStorage1Sample_accountKey": {
                        "value": "[parameters('AzureDataLakeStorage1Sample_accountKey')]"
                    },
                    "AzureDatabricks_LinkedService_accessToken": {
                        "value": "[parameters('AzureDatabricks_LinkedService_accessToken')]"
                    },
                    "AzureFileServer_connectionString": {
                        "value": "[parameters('AzureFileServer_connectionString')]"
                    },
                    "AzureSqlDatabase1_connectionString": {
                        "value": "[parameters('AzureSqlDatabase1_connectionString')]"
                    },
                    "AzureSqlDatabase1AzureSQLDB_Linkedservice_Sink_connectionString": {
                        "value": "[parameters('AzureSqlDatabase1AzureSQLDB_Linkedservice_Sink_connectionString')]"
                    },
                    "AzureSqlDatabase1AzureSQLDB_Linkedservice_Sink123_connectionString": {
                        "value": "[parameters('AzureSqlDatabase1AzureSQLDB_Linkedservice_Sink123_connectionString')]"
                    },
                    "AzureSqlDatabase1AzureSQLDB_Linkedservice_Source_connectionString": {
                        "value": "[parameters('AzureSqlDatabase1AzureSQLDB_Linkedservice_Source_connectionString')]"
                    },
                    "AzureSqlDatabase1DataFlow_Linkedservice_Sink_connectionString": {
                        "value": "[parameters('AzureSqlDatabase1DataFlow_Linkedservice_Sink_connectionString')]"
                    },
                    "AzureSqlDatabase1DataFlow_Linkedservice_Source_connectionString": {
                        "value": "[parameters('AzureSqlDatabase1DataFlow_Linkedservice_Source_connectionString')]"
                    },
                    "AzureSqlDatabaseLinkedService_connectionString": {
                        "value": "[parameters('AzureSqlDatabaseLinkedService_connectionString')]"
                    },
                    "AzureSqlDatabaseSample_connectionString": {
                        "value": "[parameters('AzureSqlDatabaseSample_connectionString')]"
                    },
                    "AzureSqlDatabase_LinkedService_AzureSQL_connectionString": {
                        "value": "[parameters('AzureSqlDatabase_LinkedService_AzureSQL_connectionString')]"
                    },
                    "AzureSqlMI1_connectionString": {
                        "value": "[parameters('AzureSqlMI1_connectionString')]"
                    },
                    "AzureSqlTable2_LinkedService_Source_ASQL2Cosmos_connectionString": {
                        "value": "[parameters('AzureSqlTable2_LinkedService_Source_ASQL2Cosmos_connectionString')]"
                    },
                    "AzureStorageLinkedService_connectionString": {
                        "value": "[parameters('AzureStorageLinkedService_connectionString')]"
                    },
                    "AzureSynapseAnalytics1_LinkedService2_Sink_connectionString": {
                        "value": "[parameters('AzureSynapseAnalytics1_LinkedService2_Sink_connectionString')]"
                    },
                    "AzureDataLakeStorage1JD_properties_typeProperties_url": {
                        "value": "[parameters('AzureDataLakeStorage1JD_properties_typeProperties_url')]"
                    },
                    "AzureDataLakeStorage1Sample_properties_typeProperties_url": {
                        "value": "[parameters('AzureDataLakeStorage1Sample_properties_typeProperties_url')]"
                    }
                }
            },
            "dependsOn": [
                "[resourceId('Microsoft.Resources/deployments', 'vmrADF-V2_ArmTemplate_0')]"
            ]
        },
        {
            "name": "vmrADF-V2_ArmTemplate_2",
            "type": "Microsoft.Resources/deployments",
            "apiVersion": "2018-02-01",
            "properties": {
                "mode": "incremental",
                "templateLink": {
                    "uri": "[concat(parameters('containerUri'), '/ArmTemplate_2.json', parameters('containerSasToken'))]",
                    "contentVersion": "1.0.0.0"
                },
                "parameters": {
                    "factoryName": {
                        "value": "[parameters('factoryName')]"
                    },
                    "AzureSynapseAnalytics1_LinkedService_Source_connectionString": {
                        "value": "[parameters('AzureSynapseAnalytics1_LinkedService_Source_connectionString')]"
                    },
                    "AzureSynapseAnalytics1_Linkedservice_Sink_connectionString": {
                        "value": "[parameters('AzureSynapseAnalytics1_Linkedservice_Sink_connectionString')]"
                    },
                    "CSV_Linkedservice_Sink_connectionString": {
                        "value": "[parameters('CSV_Linkedservice_Sink_connectionString')]"
                    },
                    "CSV_Linkedservice_Source_connectionString": {
                        "value": "[parameters('CSV_Linkedservice_Source_connectionString')]"
                    },
                    "CosmosDb1_connectionString": {
                        "value": "[parameters('CosmosDb1_connectionString')]"
                    },
                    "CosmosDb2_Sink_connectionString": {
                        "value": "[parameters('CosmosDb2_Sink_connectionString')]"
                    },
                    "CosmosDb_Source_connectionString": {
                        "value": "[parameters('CosmosDb_Source_connectionString')]"
                    },
                    "EDHPRODDB01_connectionString": {
                        "value": "[parameters('EDHPRODDB01_connectionString')]"
                    },
                    "SalesforceMarketingCloud1_connectionProperties_clientSecret": {
                        "value": "[parameters('SalesforceMarketingCloud1_connectionProperties_clientSecret')]"
                    },
                    "SapEcc1tfty35y_password": {
                        "value": "[parameters('SapEcc1tfty35y_password')]"
                    },
                    "Staging_connectionString": {
                        "value": "[parameters('Staging_connectionString')]"
                    },
                    "research_db_connectionString": {
                        "value": "[parameters('research_db_connectionString')]"
                    },
                    "RestService1_properties_typeProperties_url": {
                        "value": "[parameters('RestService1_properties_typeProperties_url')]"
                    },
                    "SapEcc1tfty35y_properties_typeProperties_url": {
                        "value": "[parameters('SapEcc1tfty35y_properties_typeProperties_url')]"
                    },
                    "SapEcc1tfty35y_properties_typeProperties_username": {
                        "value": "[parameters('SapEcc1tfty35y_properties_typeProperties_username')]"
                    },
                    "vmr_AzureKeyVault1_properties_typeProperties_baseUrl": {
                        "value": "[parameters('vmr_AzureKeyVault1_properties_typeProperties_baseUrl')]"
                    }
                }
            },
            "dependsOn": [
                "[resourceId('Microsoft.Resources/deployments', 'vmrADF-V2_ArmTemplate_1')]"
            ]
        },
        {
            "name": "vmrADF-V2_ArmTemplate_3",
            "type": "Microsoft.Resources/deployments",
            "apiVersion": "2018-02-01",
            "properties": {
                "mode": "incremental",
                "templateLink": {
                    "uri": "[concat(parameters('containerUri'), '/ArmTemplate_3.json', parameters('containerSasToken'))]",
                    "contentVersion": "1.0.0.0"
                },
                "parameters": {
                    "factoryName": {
                        "value": "[parameters('factoryName')]"
                    }
                }
            },
            "dependsOn": [
                "[resourceId('Microsoft.Resources/deployments', 'vmrADF-V2_ArmTemplate_2')]"
            ]
        },
        {
            "name": "vmrADF-V2_ArmTemplate_4",
            "type": "Microsoft.Resources/deployments",
            "apiVersion": "2018-02-01",
            "properties": {
                "mode": "incremental",
                "templateLink": {
                    "uri": "[concat(parameters('containerUri'), '/ArmTemplate_4.json', parameters('containerSasToken'))]",
                    "contentVersion": "1.0.0.0"
                },
                "parameters": {
                    "factoryName": {
                        "value": "[parameters('factoryName')]"
                    },
                    "SqlServer1OnPremSQLDB_Linkedservice_Sink_connectionString": {
                        "value": "[parameters('SqlServer1OnPremSQLDB_Linkedservice_Sink_connectionString')]"
                    },
                    "SqlServer1OnPremSQLDB_Linkedservice_Source_connectionString": {
                        "value": "[parameters('SqlServer1OnPremSQLDB_Linkedservice_Source_connectionString')]"
                    },
                    "SqlServer1OnPremSQLDB_Linkedservice_Source123_connectionString": {
                        "value": "[parameters('SqlServer1OnPremSQLDB_Linkedservice_Source123_connectionString')]"
                    },
                    "linkedServiceOndemandHDIcluster_clusterPassword": {
                        "value": "[parameters('linkedServiceOndemandHDIcluster_clusterPassword')]"
                    },
                    "linkedServiceOndemandHDIcluster_clusterSshPassword": {
                        "value": "[parameters('linkedServiceOndemandHDIcluster_clusterSshPassword')]"
                    },
                    "linkedServiceOndemandHDIcluster_servicePrincipalKey": {
                        "value": "[parameters('linkedServiceOndemandHDIcluster_servicePrincipalKey')]"
                    },
                    "linkedServiceOwnHDIcluster_password": {
                        "value": "[parameters('linkedServiceOwnHDIcluster_password')]"
                    },
                    "linkedServiceOndemandHDIcluster_properties_typeProperties_hostSubscriptionId": {
                        "value": "[parameters('linkedServiceOndemandHDIcluster_properties_typeProperties_hostSubscriptionId')]"
                    },
                    "linkedServiceOndemandHDIcluster_properties_typeProperties_clusterResourceGroup": {
                        "value": "[parameters('linkedServiceOndemandHDIcluster_properties_typeProperties_clusterResourceGroup')]"
                    },
                    "linkedServiceOndemandHDIcluster_properties_typeProperties_servicePrincipalId": {
                        "value": "[parameters('linkedServiceOndemandHDIcluster_properties_typeProperties_servicePrincipalId')]"
                    },
                    "linkedServiceOndemandHDIcluster_properties_typeProperties_tenant": {
                        "value": "[parameters('linkedServiceOndemandHDIcluster_properties_typeProperties_tenant')]"
                    },
                    "linkedServiceOwnHDIcluster_properties_typeProperties_userName": {
                        "value": "[parameters('linkedServiceOwnHDIcluster_properties_typeProperties_userName')]"
                    }
                }
            },
            "dependsOn": [
                "[resourceId('Microsoft.Resources/deployments', 'vmrADF-V2_ArmTemplate_3')]"
            ]
        },
        {
            "name": "vmrADF-V2_ArmTemplate_5",
            "type": "Microsoft.Resources/deployments",
            "apiVersion": "2018-02-01",
            "properties": {
                "mode": "incremental",
                "templateLink": {
                    "uri": "[concat(parameters('containerUri'), '/ArmTemplate_5.json', parameters('containerSasToken'))]",
                    "contentVersion": "1.0.0.0"
                },
                "parameters": {
                    "factoryName": {
                        "value": "[parameters('factoryName')]"
                    },
                    "AzureDataLakeStorage1_properties_privateLinkResourceId": {
                        "value": "[parameters('AzureDataLakeStorage1_properties_privateLinkResourceId')]"
                    },
                    "AzureDataLakeStorage1_properties_groupId": {
                        "value": "[parameters('AzureDataLakeStorage1_properties_groupId')]"
                    },
                    "CosmosDb1_properties_privateLinkResourceId": {
                        "value": "[parameters('CosmosDb1_properties_privateLinkResourceId')]"
                    },
                    "CosmosDb1_properties_groupId": {
                        "value": "[parameters('CosmosDb1_properties_groupId')]"
                    },
                    "SqlServer1_properties_privateLinkResourceId": {
                        "value": "[parameters('SqlServer1_properties_privateLinkResourceId')]"
                    },
                    "SqlServer1_properties_groupId": {
                        "value": "[parameters('SqlServer1_properties_groupId')]"
                    }
                }
            },
            "dependsOn": [
                "[resourceId('Microsoft.Resources/deployments', 'vmrADF-V2_ArmTemplate_4')]"
            ]
        },
        {
            "name": "vmrADF-V2_ArmTemplate_6",
            "type": "Microsoft.Resources/deployments",
            "apiVersion": "2018-02-01",
            "properties": {
                "mode": "incremental",
                "templateLink": {
                    "uri": "[concat(parameters('containerUri'), '/ArmTemplate_6.json', parameters('containerSasToken'))]",
                    "contentVersion": "1.0.0.0"
                },
                "parameters": {
                    "factoryName": {
                        "value": "[parameters('factoryName')]"
                    }
                }
            },
            "dependsOn": [
                "[resourceId('Microsoft.Resources/deployments', 'vmrADF-V2_ArmTemplate_5')]"
            ]
        },
        {
            "name": "vmrADF-V2_ArmTemplate_7",
            "type": "Microsoft.Resources/deployments",
            "apiVersion": "2018-02-01",
            "properties": {
                "mode": "incremental",
                "templateLink": {
                    "uri": "[concat(parameters('containerUri'), '/ArmTemplate_7.json', parameters('containerSasToken'))]",
                    "contentVersion": "1.0.0.0"
                },
                "parameters": {
                    "factoryName": {
                        "value": "[parameters('factoryName')]"
                    },
                    "trigger_EventBlob_Trigger_properties_typeProperties_scope": {
                        "value": "[parameters('trigger_EventBlob_Trigger_properties_typeProperties_scope')]"
                    }
                }
            },
            "dependsOn": [
                "[resourceId('Microsoft.Resources/deployments', 'vmrADF-V2_ArmTemplate_6')]"
            ]
        }
    ]
}